_id,deviceID,temperature,humidity,gas,flame,timestamp
6759a86a3967ebc276061cd6,TTI-01,28.7,31.9,13.0,1.0,2024-12-11 14:57:46.640000
6759a85c82211f9a6aa17ed6,TTI-01,28.7,32.0,14.0,1.0,2024-12-11 14:57:32.699000
6759a84e37ca63d2a3952fc5,TTI-01,28.7,33.1,14.0,1.0,2024-12-11 14:57:18.654000
6759a8403967ebc276061cd4,TTI-01,28.7,33.1,13.0,1.0,2024-12-11 14:57:04.801000
6759a832522a5a735760b333,TTI-01,28.6,32.7,13.0,1.0,2024-12-11 14:56:50.650000
6759a8243967ebc276061cd2,TTI-01,28.6,33.0,13.0,1.0,2024-12-11 14:56:36.638000
6759a816522a5a735760b331,TTI-01,28.6,32.4,13.0,1.0,2024-12-11 14:56:22.895000
6759a808cd82df55ba51db2d,TTI-01,28.6,33.8,15.0,1.0,2024-12-11 14:56:08.996000
6759a7fa3967ebc276061cd0,TTI-01,28.6,34.5,15.0,1.0,2024-12-11 14:55:54.760000
6759a7ec37ca63d2a3952fc3,TTI-01,28.6,34.9,15.0,1.0,2024-12-11 14:55:40.532000
6759a7de37ca63d2a3952fc1,TTI-01,28.5,33.5,14.0,1.0,2024-12-11 14:55:26.601000
6759a7d037ca63d2a3952fbf,TTI-01,28.5,33.4,14.0,1.0,2024-12-11 14:55:12.764000
6759a7c282211f9a6aa17ed4,TTI-01,28.4,33.7,14.0,1.0,2024-12-11 14:54:58.433000
6759a7b4d949f3f50275a5f8,TTI-01,28.4,34.0,15.0,1.0,2024-12-11 14:54:44.595000
6759a7a6522a5a735760b32f,TTI-01,28.4,34.2,15.0,1.0,2024-12-11 14:54:30.639000
6759a79882211f9a6aa17ed2,TTI-01,28.3,33.4,16.0,1.0,2024-12-11 14:54:16.625000
6759a78a82748d7d677d4c6e,TTI-01,28.2,34.3,16.0,1.0,2024-12-11 14:54:02.701000
6759a77c82748d7d677d4c6c,TTI-01,28.2,34.6,15.0,1.0,2024-12-11 14:53:48.624000
6759a76ed949f3f50275a5f6,TTI-01,28.1,33.9,16.0,1.0,2024-12-11 14:53:34.599000
6759a76037ca63d2a3952fbd,TTI-01,28.1,34.9,17.0,1.0,2024-12-11 14:53:20.557000
6759a75237ca63d2a3952fbb,TTI-01,28.1,36.2,17.0,1.0,2024-12-11 14:53:06.386000
6759a74465e823a24e1b4fe8,TTI-01,28.0,38.0,18.0,1.0,2024-12-11 14:52:52.232000
6759a735522a5a735760b32d,TTI-01,27.8,41.3,20.0,1.0,2024-12-11 14:52:37.133000
6759a72665e823a24e1b4fe6,TTI-01,27.3,41.2,19.0,0.0,2024-12-11 14:52:22.850000
6759a71882211f9a6aa17ed0,TTI-01,27.3,42.9,16.0,1.0,2024-12-11 14:52:08.890000
6759a70a37ca63d2a3952fb9,TTI-01,27.2,37.3,14.0,1.0,2024-12-11 14:51:54.876000
6759a6fc522a5a735760b32b,TTI-01,27.2,37.4,14.0,1.0,2024-12-11 14:51:40.322000
6759a6ed522a5a735760b329,TTI-01,27.2,37.3,14.0,1.0,2024-12-11 14:51:25.910000
6759a6df65e823a24e1b4fe4,TTI-01,27.2,36.4,14.0,1.0,2024-12-11 14:51:11.673000
6759a6d1522a5a735760b327,TTI-01,27.2,37.3,14.0,1.0,2024-12-11 14:50:57.373000
6759a6c3d949f3f50275a5f2,TTI-01,27.2,37.3,14.0,1.0,2024-12-11 14:50:43.508000
6759a6b5522a5a735760b325,TTI-01,27.2,38.0,14.0,1.0,2024-12-11 14:50:29.107000
6759a6a765e823a24e1b4fe2,TTI-01,27.2,38.0,14.0,1.0,2024-12-11 14:50:15.153000
6759a69865e823a24e1b4fe0,TTI-01,27.2,38.3,14.0,1.0,2024-12-11 14:50:00.949000
6759a68b37ca63d2a3952fb7,TTI-01,27.2,38.7,14.0,1.0,2024-12-11 14:49:47.005000
6759a67c82748d7d677d4c6a,TTI-01,27.1,38.2,14.0,1.0,2024-12-11 14:49:32.725000
6759a670522a5a735760b323,TTI-01,27.1,38.3,14.0,1.0,2024-12-11 14:49:20.850000
6759a65ccd82df55ba51db2b,TTI-01,27.1,37.2,14.0,1.0,2024-12-11 14:49:00.840000
6759a64e522a5a735760b321,TTI-01,27.1,37.4,13.0,1.0,2024-12-11 14:48:46.606000
6759a64082211f9a6aa17ece,TTI-01,27.1,37.7,13.0,1.0,2024-12-11 14:48:32.266000
6759a631cd82df55ba51db29,TTI-01,27.1,37.4,14.0,1.0,2024-12-11 14:48:17.933000
6759a623522a5a735760b31f,TTI-01,27.1,37.8,13.0,1.0,2024-12-11 14:48:03.980000
6759a61537ca63d2a3952fb5,TTI-01,27.1,37.4,13.0,1.0,2024-12-11 14:47:49.795000
6759a60737ca63d2a3952fb3,TTI-01,27.2,36.8,14.0,1.0,2024-12-11 14:47:35.567000
6759a5f9cd82df55ba51db27,TTI-01,27.2,36.6,14.0,1.0,2024-12-11 14:47:21.126000
6759a5eacd82df55ba51db25,TTI-01,27.2,36.8,14.0,1.0,2024-12-11 14:47:06.692000
6759a5db82748d7d677d4c68,TTI-01,27.2,36.9,14.0,1.0,2024-12-11 14:46:51.909000
6759a5cd9d8f76a994765df8,TTI-01,27.2,37.4,14.0,1.0,2024-12-11 14:46:37.471000
6759a5bf37ca63d2a3952fb1,TTI-01,27.2,37.0,14.0,1.0,2024-12-11 14:46:23.224000
6759a5b137ca63d2a3952faf,TTI-01,27.2,36.1,14.0,1.0,2024-12-11 14:46:09.016000
6759a5a2cd82df55ba51db23,TTI-01,27.3,36.7,14.0,1.0,2024-12-11 14:45:54.658000
6759a594cd82df55ba51db21,TTI-01,27.3,37.2,14.0,1.0,2024-12-11 14:45:40.514000
6759a58682748d7d677d4c66,TTI-01,27.3,38.4,14.0,1.0,2024-12-11 14:45:26.308000
6759a57737ca63d2a3952fad,TTI-01,27.3,37.0,13.0,1.0,2024-12-11 14:45:11.658000
6759a569d949f3f50275a5f0,TTI-01,27.3,36.2,13.0,1.0,2024-12-11 14:44:57.617000
6759a55bd949f3f50275a5ee,TTI-01,27.3,36.3,14.0,1.0,2024-12-11 14:44:43.539000
6759a54d65e823a24e1b4fde,TTI-01,27.3,36.6,14.0,1.0,2024-12-11 14:44:29.325000
6759a53e522a5a735760b31d,TTI-01,27.4,36.4,14.0,1.0,2024-12-11 14:44:14.919000
6759a53037ca63d2a3952fab,TTI-01,27.4,35.6,14.0,1.0,2024-12-11 14:44:00.521000
6759a522522a5a735760b31b,TTI-01,27.4,35.1,13.0,1.0,2024-12-11 14:43:46.747000
6759a514522a5a735760b319,TTI-01,27.5,34.2,14.0,1.0,2024-12-11 14:43:32.893000
6759a5069d8f76a994765df6,TTI-01,27.5,35.1,13.0,1.0,2024-12-11 14:43:18.479000
6759a4f8cd82df55ba51db1f,TTI-01,27.5,35.8,14.0,1.0,2024-12-11 14:43:04.316000
6759a4ea82211f9a6aa17ecc,TTI-01,27.5,36.0,13.0,1.0,2024-12-11 14:42:50.489000
6759a4dc37ca63d2a3952fa9,TTI-01,27.5,36.5,14.0,1.0,2024-12-11 14:42:36.203000
6759a4ce37ca63d2a3952fa7,TTI-01,27.5,35.6,13.0,1.0,2024-12-11 14:42:22.301000
6759a4c0d949f3f50275a5ec,TTI-01,27.5,35.4,13.0,1.0,2024-12-11 14:42:08.035000
6759a4b237ca63d2a3952fa5,TTI-01,27.5,33.9,14.0,1.0,2024-12-11 14:41:54.163000
6759a4a4cd82df55ba51db1d,TTI-01,27.6,32.7,14.0,1.0,2024-12-11 14:41:40.227000
6759a49682211f9a6aa17eca,TTI-01,27.6,34.7,14.0,1.0,2024-12-11 14:41:26.156000
6759a488d949f3f50275a5ea,TTI-01,27.6,34.8,14.0,1.0,2024-12-11 14:41:12.078000
6759a4793967ebc276061cce,TTI-01,27.6,34.6,14.0,1.0,2024-12-11 14:40:57.901000
6759a46b82748d7d677d4c64,TTI-01,27.5,35.3,14.0,1.0,2024-12-11 14:40:43.610000
6759a45d82211f9a6aa17ec8,TTI-01,27.5,35.4,14.0,1.0,2024-12-11 14:40:29.460000
6759a44ecd82df55ba51db1b,TTI-01,27.5,35.8,14.0,1.0,2024-12-11 14:40:14.928000
6759a44082748d7d677d4c62,TTI-01,27.5,36.2,14.0,1.0,2024-12-11 14:40:00.939000
6759a43282748d7d677d4c60,TTI-01,27.5,36.8,14.0,1.0,2024-12-11 14:39:46.777000
6759a424cd82df55ba51db19,TTI-01,27.5,35.9,14.0,1.0,2024-12-11 14:39:32.645000
6759a4169d8f76a994765df4,TTI-01,27.5,35.5,14.0,1.0,2024-12-11 14:39:18.632000
6759a40865e823a24e1b4fdc,TTI-01,27.5,36.5,14.0,1.0,2024-12-11 14:39:04.198000
6759a3f9d949f3f50275a5e8,TTI-01,27.4,36.4,14.0,1.0,2024-12-11 14:38:49.729000
6759a3eb65e823a24e1b4fda,TTI-01,27.4,36.6,14.0,1.0,2024-12-11 14:38:35.642000
6759a3dd82748d7d677d4c5e,TTI-01,27.4,36.8,14.0,1.0,2024-12-11 14:38:21.134000
6759a3ce82748d7d677d4c5c,TTI-01,27.4,37.1,13.0,1.0,2024-12-11 14:38:06.807000
6759a3c09d8f76a994765df2,TTI-01,27.3,37.2,14.0,1.0,2024-12-11 14:37:52.613000
6759a3b2d949f3f50275a5e6,TTI-01,27.3,37.3,14.0,1.0,2024-12-11 14:37:38.462000
6759a3a482211f9a6aa17ec6,TTI-01,27.3,37.4,14.0,1.0,2024-12-11 14:37:24.577000
6759a396522a5a735760b317,TTI-01,27.3,38.0,13.0,1.0,2024-12-11 14:37:10.335000
6759a38782211f9a6aa17ec4,TTI-01,27.3,37.8,14.0,1.0,2024-12-11 14:36:55.664000
6759a37937ca63d2a3952fa3,TTI-01,27.3,38.0,14.0,1.0,2024-12-11 14:36:41.188000
6759a36b522a5a735760b315,TTI-01,27.3,37.6,14.0,1.0,2024-12-11 14:36:27.110000
6759a35d522a5a735760b313,TTI-01,27.3,37.9,14.0,1.0,2024-12-11 14:36:13.131000
6759a34e65e823a24e1b4fd8,TTI-01,27.3,38.8,14.0,1.0,2024-12-11 14:35:58.753000
6759a34082748d7d677d4c5a,TTI-01,27.3,38.7,15.0,1.0,2024-12-11 14:35:44.588000
6759a33282211f9a6aa17ec2,TTI-01,27.3,38.4,15.0,1.0,2024-12-11 14:35:30.348000
6759a323cd82df55ba51db17,TTI-01,27.2,38.0,15.0,1.0,2024-12-11 14:35:15.334000
6759a31565e823a24e1b4fd6,TTI-01,27.2,38.3,14.0,1.0,2024-12-11 14:35:01.005000
6759a306cd82df55ba51db15,TTI-01,27.2,37.8,14.0,1.0,2024-12-11 14:34:46.631000
6759a2f865e823a24e1b4fd4,TTI-01,27.2,36.4,14.0,1.0,2024-12-11 14:34:32.425000
6759a2ea522a5a735760b311,TTI-01,27.2,36.3,14.0,1.0,2024-12-11 14:34:18.289000
6759a2db37ca63d2a3952fa1,TTI-01,27.2,35.8,14.0,1.0,2024-12-11 14:34:03.962000
6759a2cd522a5a735760b30f,TTI-01,27.2,35.6,14.0,1.0,2024-12-11 14:33:49.594000
6759a2bf82748d7d677d4c58,TTI-01,27.2,34.4,14.0,1.0,2024-12-11 14:33:35.318000
6759a2b0522a5a735760b30d,TTI-01,27.3,34.5,14.0,1.0,2024-12-11 14:33:20.838000
6759a2a282748d7d677d4c56,TTI-01,27.3,35.1,14.0,1.0,2024-12-11 14:33:06.403000
6759a2939d8f76a994765df0,TTI-01,27.3,34.3,13.0,1.0,2024-12-11 14:32:51.764000
6759a2853967ebc276061ccc,TTI-01,27.3,32.6,13.0,1.0,2024-12-11 14:32:37.453000
6759a2773967ebc276061cca,TTI-01,27.2,32.6,13.0,1.0,2024-12-11 14:32:23.269000
6759a2683967ebc276061cc8,TTI-01,27.2,33.6,14.0,1.0,2024-12-11 14:32:08.979000
6759a25a82748d7d677d4c54,TTI-01,27.2,33.6,13.0,1.0,2024-12-11 14:31:54.617000
6759a24c82211f9a6aa17ec0,TTI-01,27.2,33.8,14.0,1.0,2024-12-11 14:31:40.306000
6759a23e82748d7d677d4c52,TTI-01,27.3,33.5,14.0,1.0,2024-12-11 14:31:26.097000
6759a22f82211f9a6aa17ebe,TTI-01,27.3,33.8,14.0,1.0,2024-12-11 14:31:11.401000
6759a22065e823a24e1b4fd2,TTI-01,27.3,33.6,14.0,1.0,2024-12-11 14:30:56.667000
6759a21165e823a24e1b4fd0,TTI-01,27.2,33.1,13.0,1.0,2024-12-11 14:30:41.529000
6759a20337ca63d2a3952f9f,TTI-01,27.2,33.2,13.0,1.0,2024-12-11 14:30:27.041000
6759a1f4522a5a735760b30b,TTI-01,27.2,32.7,14.0,1.0,2024-12-11 14:30:12.515000
6759a1e637ca63d2a3952f9d,TTI-01,27.2,33.9,14.0,1.0,2024-12-11 14:29:58.157000
6759a1d79d8f76a994765dee,TTI-01,27.2,35.5,14.0,1.0,2024-12-11 14:29:43.823000
6759a1c837ca63d2a3952f9b,TTI-01,27.2,35.5,14.0,1.0,2024-12-11 14:29:28.936000
6759a1bad949f3f50275a5e4,TTI-01,27.2,35.4,13.0,1.0,2024-12-11 14:29:14.555000
6759a1ac82748d7d677d4c50,TTI-01,27.2,35.6,14.0,1.0,2024-12-11 14:29:00.292000
6759a19dd949f3f50275a5e2,TTI-01,27.2,35.4,15.0,1.0,2024-12-11 14:28:45.885000
6759a18f82748d7d677d4c4e,TTI-01,27.2,36.7,15.0,1.0,2024-12-11 14:28:31.517000
6759a18182211f9a6aa17ebc,TTI-01,27.2,37.0,15.0,1.0,2024-12-11 14:28:17.201000
6759a17237ca63d2a3952f99,TTI-01,27.2,36.9,13.0,1.0,2024-12-11 14:28:02.514000
6759a164522a5a735760b309,TTI-01,27.2,35.6,14.0,1.0,2024-12-11 14:27:48.341000
6759a15565e823a24e1b4fce,TTI-01,27.2,35.9,13.0,1.0,2024-12-11 14:27:33.693000
6759a143522a5a735760b307,TTI-01,27.1,34.7,13.0,1.0,2024-12-11 14:27:15.759000
6759a135cd82df55ba51db13,TTI-01,27.1,34.6,14.0,1.0,2024-12-11 14:27:01.516000
6759a12782748d7d677d4c4c,TTI-01,27.2,34.3,14.0,1.0,2024-12-11 14:26:47.195000
6759a1189d8f76a994765dec,TTI-01,27.1,34.1,13.0,1.0,2024-12-11 14:26:32.806000
6759a10a522a5a735760b305,TTI-01,27.2,33.9,14.0,1.0,2024-12-11 14:26:18.344000
6759a0fbd949f3f50275a5e0,TTI-01,27.1,33.9,14.0,1.0,2024-12-11 14:26:03.796000
6759a0edcd82df55ba51db11,TTI-01,27.1,34.3,14.0,1.0,2024-12-11 14:25:49.187000
6759a0de522a5a735760b303,TTI-01,27.1,34.8,14.0,1.0,2024-12-11 14:25:34.779000
6759a0cf522a5a735760b301,TTI-01,27.1,35.5,14.0,1.0,2024-12-11 14:25:19.849000
6759a0c1522a5a735760b2ff,TTI-01,27.1,35.0,13.0,1.0,2024-12-11 14:25:05.451000
6759a0b39d8f76a994765dea,TTI-01,27.1,34.1,14.0,1.0,2024-12-11 14:24:51.251000
6759a0a5d949f3f50275a5de,TTI-01,27.1,32.7,14.0,1.0,2024-12-11 14:24:37.046000
6759a09637ca63d2a3952f97,TTI-01,27.1,33.1,14.0,1.0,2024-12-11 14:24:22.930000
6759a088522a5a735760b2fd,TTI-01,27.1,35.2,14.0,1.0,2024-12-11 14:24:08.242000
6759a079d949f3f50275a5dc,TTI-01,27.1,34.7,13.0,1.0,2024-12-11 14:23:53.828000
6759a06b3967ebc276061cc6,TTI-01,27.1,34.2,15.0,1.0,2024-12-11 14:23:39.627000
6759a05d82748d7d677d4c4a,TTI-01,27.1,35.4,15.0,1.0,2024-12-11 14:23:25.363000
6759a04ecd82df55ba51db0f,TTI-01,27.1,35.9,15.0,1.0,2024-12-11 14:23:10.954000
6759a040cd82df55ba51db0d,TTI-01,27.1,36.8,15.0,1.0,2024-12-11 14:22:56.792000
6759a0313967ebc276061cc4,TTI-01,27.1,37.5,14.0,1.0,2024-12-11 14:22:41.573000
6759a0233967ebc276061cc2,TTI-01,27.1,35.3,15.0,1.0,2024-12-11 14:22:27.609000
6759a015cd82df55ba51db0b,TTI-01,27.1,35.2,15.0,1.0,2024-12-11 14:22:13.132000
6759a0053967ebc276061cc0,TTI-01,27.1,36.0,14.0,1.0,2024-12-11 14:21:57.770000
67599ff782748d7d677d4c48,TTI-01,27.1,34.9,15.0,1.0,2024-12-11 14:21:43.028000
67599fe837ca63d2a3952f95,TTI-01,27.1,34.9,15.0,1.0,2024-12-11 14:21:28.625000
67599fda522a5a735760b2fb,TTI-01,27.1,36.2,15.0,1.0,2024-12-11 14:21:14.288000
67599fcc82748d7d677d4c46,TTI-01,27.1,35.0,15.0,1.0,2024-12-11 14:21:00.158000
67599fbe82748d7d677d4c44,TTI-01,27.1,34.5,15.0,1.0,2024-12-11 14:20:46.107000
67599fb082748d7d677d4c42,TTI-01,27.1,33.8,15.0,1.0,2024-12-11 14:20:32.188000
67599fa23967ebc276061cbe,TTI-01,27.1,32.2,14.0,1.0,2024-12-11 14:20:18.223000
67599f9382211f9a6aa17eba,TTI-01,27.1,32.5,14.0,1.0,2024-12-11 14:20:03.921000
67599f859d8f76a994765de8,TTI-01,27.1,32.4,14.0,1.0,2024-12-11 14:19:49.102000
67599f77d949f3f50275a5da,TTI-01,27.1,32.1,14.0,1.0,2024-12-11 14:19:35.008000
67599f68522a5a735760b2f9,TTI-01,27.1,33.1,14.0,1.0,2024-12-11 14:19:20.642000
67599f5a522a5a735760b2f7,TTI-01,27.1,32.6,15.0,1.0,2024-12-11 14:19:06.239000
67599f4c9d8f76a994765de6,TTI-01,27.1,32.9,14.0,1.0,2024-12-11 14:18:52.313000
67599f3d82748d7d677d4c40,TTI-01,27.1,33.8,14.0,1.0,2024-12-11 14:18:37.919000
67599f2f3967ebc276061cbc,TTI-01,27.1,35.6,15.0,1.0,2024-12-11 14:18:23.926000
67599f21d949f3f50275a5d8,TTI-01,27.1,37.2,14.0,1.0,2024-12-11 14:18:09.528000
67599f13522a5a735760b2f5,TTI-01,27.0,37.9,15.0,1.0,2024-12-11 14:17:55.417000
67599f043967ebc276061cba,TTI-01,27.0,36.8,14.0,1.0,2024-12-11 14:17:40.911000
67599ef682748d7d677d4c3e,TTI-01,27.0,37.6,15.0,1.0,2024-12-11 14:17:26.658000
67599ee8522a5a735760b2f3,TTI-01,27.0,38.1,15.0,1.0,2024-12-11 14:17:12.810000
67599eda3967ebc276061cb8,TTI-01,27.0,36.5,15.0,1.0,2024-12-11 14:16:58.484000
67599ecc3967ebc276061cb6,TTI-01,27.0,34.6,15.0,1.0,2024-12-11 14:16:44.349000
67599ebdcd82df55ba51db09,TTI-01,27.0,35.2,15.0,1.0,2024-12-11 14:16:29.915000
67599eaf37ca63d2a3952f93,TTI-01,27.0,31.4,15.0,1.0,2024-12-11 14:16:15.519000
67599ea19d8f76a994765de4,TTI-01,27.0,33.1,14.0,1.0,2024-12-11 14:16:01.443000
67599e93cd82df55ba51db07,TTI-01,27.0,32.5,15.0,1.0,2024-12-11 14:15:47.202000
67599e8562d418d85f4a2bd6,TTI-01,27.0,32.3,15.0,1.0,2024-12-11 14:15:33.228000
67599e7682748d7d677d4c3c,TTI-01,27.0,31.3,15.0,1.0,2024-12-11 14:15:18.444000
67599e68cd82df55ba51db05,TTI-01,27.0,31.4,13.0,1.0,2024-12-11 14:15:04.558000
67599e5a82748d7d677d4c3a,TTI-01,27.0,30.2,14.0,1.0,2024-12-11 14:14:50.593000
67599e4c522a5a735760b2f1,TTI-01,26.9,30.4,14.0,1.0,2024-12-11 14:14:36.353000
67599e3e82748d7d677d4c38,TTI-01,26.9,31.2,14.0,1.0,2024-12-11 14:14:22.191000
67599e30cd82df55ba51db03,TTI-01,27.0,30.0,15.0,1.0,2024-12-11 14:14:08.357000
67599e21cd82df55ba51db01,TTI-01,27.0,30.4,14.0,1.0,2024-12-11 14:13:53.976000
67599e1382748d7d677d4c36,TTI-01,27.0,31.5,15.0,1.0,2024-12-11 14:13:39.840000
67599e05522a5a735760b2ef,TTI-01,27.0,31.6,14.0,1.0,2024-12-11 14:13:25.720000
67599df737ca63d2a3952f91,TTI-01,27.0,32.3,15.0,1.0,2024-12-11 14:13:11.590000
67599de93967ebc276061cb4,TTI-01,27.0,31.9,15.0,1.0,2024-12-11 14:12:57.544000
67599ddb37ca63d2a3952f8f,TTI-01,27.0,32.4,15.0,1.0,2024-12-11 14:12:43.151000
67599dcc9d8f76a994765de2,TTI-01,27.0,31.8,15.0,1.0,2024-12-11 14:12:28.536000
67599dbe522a5a735760b2ed,TTI-01,27.0,32.1,14.0,1.0,2024-12-11 14:12:14.060000
67599daf82748d7d677d4c34,TTI-01,26.9,32.3,15.0,1.0,2024-12-11 14:11:59.823000
67599da1d949f3f50275a5d6,TTI-01,27.0,32.0,15.0,1.0,2024-12-11 14:11:45.766000
67599d9337ca63d2a3952f8d,TTI-01,27.0,31.4,15.0,1.0,2024-12-11 14:11:31.438000
67599d85522a5a735760b2eb,TTI-01,26.9,30.6,15.0,1.0,2024-12-11 14:11:17.233000
67599d7682748d7d677d4c32,TTI-01,27.0,30.3,15.0,1.0,2024-12-11 14:11:02.975000
67599d6882748d7d677d4c30,TTI-01,27.0,30.7,14.0,1.0,2024-12-11 14:10:48.934000
67599d5a3967ebc276061cb2,TTI-01,27.1,29.7,15.0,1.0,2024-12-11 14:10:34.798000
67599d4ccd82df55ba51daff,TTI-01,27.1,30.3,15.0,1.0,2024-12-11 14:10:20.435000
67599d3dd949f3f50275a5d4,TTI-01,27.2,30.8,15.0,1.0,2024-12-11 14:10:05.708000
67599d2f82748d7d677d4c2e,TTI-01,27.2,32.0,15.0,1.0,2024-12-11 14:09:51.437000
67599d20522a5a735760b2e9,TTI-01,27.2,31.9,15.0,1.0,2024-12-11 14:09:36.802000
67599d12d949f3f50275a5d2,TTI-01,27.2,32.4,14.0,1.0,2024-12-11 14:09:22.536000
67599d039d8f76a994765de0,TTI-01,27.2,32.2,14.0,1.0,2024-12-11 14:09:07.334000
67599cf4cd82df55ba51dafd,TTI-01,27.3,32.0,15.0,1.0,2024-12-11 14:08:52.834000
67599ce4d949f3f50275a5d0,TTI-01,27.3,31.8,15.0,1.0,2024-12-11 14:08:36.146000
67599cd582748d7d677d4c2b,TTI-01,27.3,31.8,14.0,1.0,2024-12-11 14:08:21.486000
67599cc7d949f3f50275a5ce,TTI-01,27.3,32.5,15.0,1.0,2024-12-11 14:08:07.340000
67599cb9522a5a735760b2e7,TTI-01,27.3,32.4,14.0,1.0,2024-12-11 14:07:53.036000
67599caa3967ebc276061cb0,TTI-01,27.3,32.6,14.0,1.0,2024-12-11 14:07:38.901000
67599c9c9d8f76a994765dde,TTI-01,27.3,33.3,15.0,1.0,2024-12-11 14:07:24.573000
67599c8e82748d7d677d4c29,TTI-01,27.3,33.0,15.0,1.0,2024-12-11 14:07:10.265000
67599c7f522a5a735760b2e5,TTI-01,27.3,33.2,14.0,1.0,2024-12-11 14:06:55.589000
67599c7037ca63d2a3952f8b,TTI-01,27.3,33.7,15.0,1.0,2024-12-11 14:06:40.899000
67599c62cd82df55ba51dafb,TTI-01,27.3,34.7,14.0,1.0,2024-12-11 14:06:26.461000
67599c5337ca63d2a3952f89,TTI-01,27.3,34.3,15.0,1.0,2024-12-11 14:06:11.970000
67599c45d949f3f50275a5cc,TTI-01,27.3,33.7,15.0,1.0,2024-12-11 14:05:57.605000
67599c37522a5a735760b2e3,TTI-01,27.3,33.5,15.0,1.0,2024-12-11 14:05:43.098000
67599c28cd82df55ba51daf9,TTI-01,27.3,33.0,15.0,1.0,2024-12-11 14:05:28.687000
67599c1a82748d7d677d4c27,TTI-01,27.3,33.7,15.0,1.0,2024-12-11 14:05:14.206000
67599c0b3967ebc276061cae,TTI-01,27.3,33.6,15.0,1.0,2024-12-11 14:04:59.774000
67599bfdd949f3f50275a5ca,TTI-01,27.3,33.4,15.0,1.0,2024-12-11 14:04:45.325000
67599bef522a5a735760b2e1,TTI-01,27.3,33.5,15.0,1.0,2024-12-11 14:04:31.149000
67599be03967ebc276061cac,TTI-01,27.3,33.2,14.0,1.0,2024-12-11 14:04:16.765000
67599bd237ca63d2a3952f87,TTI-01,27.3,33.1,15.0,1.0,2024-12-11 14:04:02.311000
67599bc382748d7d677d4c25,TTI-01,27.3,34.0,15.0,1.0,2024-12-11 14:03:47.973000
67599bb5522a5a735760b2df,TTI-01,27.3,34.1,15.0,1.0,2024-12-11 14:03:33.641000
67599ba7522a5a735760b2dd,TTI-01,27.3,34.3,15.0,1.0,2024-12-11 14:03:19.127000
67599b99522a5a735760b2db,TTI-01,27.3,34.3,15.0,1.0,2024-12-11 14:03:05.036000
67599b8a9d8f76a994765ddc,TTI-01,27.3,34.5,14.0,1.0,2024-12-11 14:02:50.593000
67599b7c9d8f76a994765dda,TTI-01,27.3,33.8,15.0,1.0,2024-12-11 14:02:36.406000
67599b6ecd82df55ba51daf7,TTI-01,27.3,34.9,14.0,1.0,2024-12-11 14:02:22.097000
67599b5f9d8f76a994765dd8,TTI-01,27.3,34.2,15.0,1.0,2024-12-11 14:02:07.573000
67599b51522a5a735760b2d9,TTI-01,27.3,34.5,15.0,1.0,2024-12-11 14:01:53.114000
67599b42cd82df55ba51daf5,TTI-01,27.3,34.6,15.0,1.0,2024-12-11 14:01:38.629000
67599b34d949f3f50275a5c8,TTI-01,27.4,34.9,15.0,1.0,2024-12-11 14:01:24.141000
67599b2537ca63d2a3952f85,TTI-01,27.4,36.4,15.0,1.0,2024-12-11 14:01:09.467000
67599b17cd82df55ba51daf3,TTI-01,27.4,36.8,15.0,1.0,2024-12-11 14:00:55.442000
67599b093967ebc276061caa,TTI-01,27.4,36.1,15.0,1.0,2024-12-11 14:00:41.383000
67599afb9d8f76a994765dd6,TTI-01,27.4,37.3,15.0,1.0,2024-12-11 14:00:27.176000
67599aec522a5a735760b2d7,TTI-01,27.4,36.2,15.0,1.0,2024-12-11 14:00:12.982000
67599ade9d8f76a994765dd4,TTI-01,27.4,36.4,15.0,1.0,2024-12-11 13:59:58.427000
67599acf37ca63d2a3952f83,TTI-01,27.3,35.7,15.0,1.0,2024-12-11 13:59:43.624000
67599ac19d8f76a994765dd2,TTI-01,27.3,35.9,15.0,1.0,2024-12-11 13:59:29.428000
67599ab39d8f76a994765dd0,TTI-01,27.3,35.8,15.0,1.0,2024-12-11 13:59:15.118000
67599aa4cd82df55ba51daf1,TTI-01,27.3,36.5,15.0,1.0,2024-12-11 13:59:00.987000
67599a96cd82df55ba51daef,TTI-01,27.4,35.5,15.0,1.0,2024-12-11 13:58:46.740000
67599a88d949f3f50275a5c6,TTI-01,27.4,34.6,15.0,1.0,2024-12-11 13:58:32.209000
67599a7937ca63d2a3952f81,TTI-01,27.4,34.5,15.0,1.0,2024-12-11 13:58:17.542000
67599a6b9d8f76a994765dce,TTI-01,27.4,34.9,15.0,1.0,2024-12-11 13:58:03.264000
67599a5c37ca63d2a3952f7f,TTI-01,27.4,35.1,15.0,1.0,2024-12-11 13:57:48.734000
67599a4b522a5a735760b2d5,TTI-01,27.4,35.0,15.0,1.0,2024-12-11 13:57:31.361000
67599a3d82748d7d677d4c23,TTI-01,27.4,35.2,15.0,1.0,2024-12-11 13:57:17.524000
67599a2f37ca63d2a3952f7d,TTI-01,27.5,33.7,15.0,1.0,2024-12-11 13:57:03.088000
67599a21522a5a735760b2d3,TTI-01,27.5,33.8,15.0,1.0,2024-12-11 13:56:49.051000
67599a129d8f76a994765dcc,TTI-01,27.5,33.6,15.0,1.0,2024-12-11 13:56:34.198000
67599a0382748d7d677d4c21,TTI-01,27.5,34.2,15.0,1.0,2024-12-11 13:56:19.610000
675999f5cd82df55ba51daed,TTI-01,27.5,34.8,15.0,1.0,2024-12-11 13:56:05.615000
675999e73967ebc276061ca8,TTI-01,27.5,34.5,15.0,1.0,2024-12-11 13:55:51.288000
675999d83967ebc276061ca6,TTI-01,27.5,34.8,16.0,1.0,2024-12-11 13:55:36.545000
675999ca37ca63d2a3952f7b,TTI-01,27.5,34.1,15.0,1.0,2024-12-11 13:55:22.241000
675999bb522a5a735760b2d1,TTI-01,27.5,34.4,15.0,1.0,2024-12-11 13:55:07.659000
675999ad9d8f76a994765dca,TTI-01,27.5,34.7,16.0,1.0,2024-12-11 13:54:53.455000
6759999ecd82df55ba51daeb,TTI-01,27.5,35.1,16.0,1.0,2024-12-11 13:54:38.901000
67599990cd82df55ba51dae9,TTI-01,27.5,35.5,16.0,1.0,2024-12-11 13:54:24.815000
6759998282748d7d677d4c1f,TTI-01,27.5,35.1,15.0,1.0,2024-12-11 13:54:10.280000
6759997337ca63d2a3952f79,TTI-01,27.5,35.1,15.0,1.0,2024-12-11 13:53:55.616000
675999659d8f76a994765dc8,TTI-01,27.5,35.2,16.0,1.0,2024-12-11 13:53:41.065000
67599956522a5a735760b2cf,TTI-01,27.5,35.9,16.0,1.0,2024-12-11 13:53:26.042000
6759994782748d7d677d4c1d,TTI-01,27.5,36.2,16.0,1.0,2024-12-11 13:53:11.534000
6759993937ca63d2a3952f77,TTI-01,27.5,35.1,16.0,1.0,2024-12-11 13:52:57.484000
6759992b37ca63d2a3952f75,TTI-01,27.5,35.4,16.0,1.0,2024-12-11 13:52:43.208000
6759991c37ca63d2a3952f73,TTI-01,27.5,36.0,16.0,1.0,2024-12-11 13:52:28.903000
6759990e82748d7d677d4c1b,TTI-01,27.5,36.3,16.0,1.0,2024-12-11 13:52:14.678000
67599900cd82df55ba51dae7,TTI-01,27.5,35.9,15.0,1.0,2024-12-11 13:52:00.510000
675998f2d949f3f50275a5c4,TTI-01,27.5,34.9,15.0,1.0,2024-12-11 13:51:46.060000
675998e3d949f3f50275a5c2,TTI-01,27.5,33.8,15.0,1.0,2024-12-11 13:51:31.845000
675998d5522a5a735760b2cd,TTI-01,27.5,33.8,16.0,1.0,2024-12-11 13:51:17.445000
675998c73967ebc276061ca4,TTI-01,27.6,34.5,16.0,1.0,2024-12-11 13:51:03.121000
675998b8cd82df55ba51dae5,TTI-01,27.6,34.4,16.0,1.0,2024-12-11 13:50:48.154000
675998a9d949f3f50275a5c0,TTI-01,27.6,34.0,15.0,1.0,2024-12-11 13:50:33.985000
6759989b3c53fa9d2c035c37,TTI-01,27.6,33.2,16.0,1.0,2024-12-11 13:50:19.996000
6759988dcd82df55ba51dae3,TTI-01,27.6,34.3,16.0,1.0,2024-12-11 13:50:05.603000
6759987e3c53fa9d2c035c35,TTI-01,27.6,34.7,16.0,1.0,2024-12-11 13:49:50.464000
6759986f3c53fa9d2c035c33,TTI-01,27.6,35.0,15.0,1.0,2024-12-11 13:49:35.591000
6759986037ca63d2a3952f71,TTI-01,27.7,34.6,16.0,1.0,2024-12-11 13:49:20.550000
67599852730feda775a8f653,TTI-01,27.7,34.5,16.0,1.0,2024-12-11 13:49:06.415000
675998443c53fa9d2c035c31,TTI-01,27.7,36.0,16.0,1.0,2024-12-11 13:48:52.090000
675998353c53fa9d2c035c2f,TTI-01,27.8,36.2,16.0,1.0,2024-12-11 13:48:37.181000
67599826730feda775a8f651,TTI-01,27.8,36.1,16.0,1.0,2024-12-11 13:48:22.232000
6759981737ca63d2a3952f6f,TTI-01,27.8,36.0,16.0,1.0,2024-12-11 13:48:07.904000
67599809522a5a735760b2cb,TTI-01,27.8,36.0,16.0,1.0,2024-12-11 13:47:53.522000
675997fbd949f3f50275a5be,TTI-01,27.8,35.9,16.0,1.0,2024-12-11 13:47:39.127000
675997ec118198e6df8b25f1,TTI-01,27.8,36.2,15.0,1.0,2024-12-11 13:47:24.064000
675997dd37ca63d2a3952f6d,TTI-01,27.8,36.6,16.0,1.0,2024-12-11 13:47:09.900000
675997cfd949f3f50275a5bc,TTI-01,27.8,36.9,16.0,1.0,2024-12-11 13:46:55.408000
675997c0118198e6df8b25ef,TTI-01,27.8,37.7,16.0,1.0,2024-12-11 13:46:40.820000
675997b2d949f3f50275a5ba,TTI-01,27.8,37.5,16.0,1.0,2024-12-11 13:46:26.648000
675997a382748d7d677d4c19,TTI-01,27.8,37.3,16.0,1.0,2024-12-11 13:46:11.963000
67599795d949f3f50275a5b8,TTI-01,27.9,36.9,16.0,1.0,2024-12-11 13:45:57.321000
675997863c53fa9d2c035c2d,TTI-01,27.9,36.1,16.0,1.0,2024-12-11 13:45:42.717000
675997783c53fa9d2c035c2b,TTI-01,27.9,37.0,16.0,1.0,2024-12-11 13:45:28.266000
67599769730feda775a8f64f,TTI-01,27.9,37.1,16.0,1.0,2024-12-11 13:45:13.890000
6759975b37ca63d2a3952f6b,TTI-01,27.9,37.1,16.0,1.0,2024-12-11 13:44:59.578000
6759974c37ca63d2a3952f69,TTI-01,27.9,36.3,16.0,1.0,2024-12-11 13:44:44.853000
6759973e118198e6df8b25eb,TTI-01,27.9,36.8,16.0,1.0,2024-12-11 13:44:30.327000
6759972f3c53fa9d2c035c29,TTI-01,27.9,36.9,16.0,1.0,2024-12-11 13:44:15.893000
6759972137ca63d2a3952f67,TTI-01,27.9,37.4,17.0,1.0,2024-12-11 13:44:01.153000
6759971237ca63d2a3952f65,TTI-01,27.9,37.5,17.0,1.0,2024-12-11 13:43:46.888000
6759970382748d7d677d4c17,TTI-01,28.0,37.4,16.0,1.0,2024-12-11 13:43:31.729000
675996f4522a5a735760b2c9,TTI-01,28.0,35.4,16.0,1.0,2024-12-11 13:43:16.755000
675996e63c53fa9d2c035c27,TTI-01,28.0,34.7,17.0,1.0,2024-12-11 13:43:02.045000
675996d79d8f76a994765dc6,TTI-01,28.0,35.9,17.0,1.0,2024-12-11 13:42:47.425000
675996c8118198e6df8b25e9,TTI-01,28.1,35.4,17.0,1.0,2024-12-11 13:42:32.926000
675996ba3c53fa9d2c035c25,TTI-01,28.1,35.3,16.0,1.0,2024-12-11 13:42:18.725000
675996ac730feda775a8f64d,TTI-01,28.1,34.7,17.0,1.0,2024-12-11 13:42:04.139000
6759969d730feda775a8f64b,TTI-01,28.1,36.8,17.0,1.0,2024-12-11 13:41:49.872000
6759968f82748d7d677d4c15,TTI-01,28.0,37.0,17.0,1.0,2024-12-11 13:41:35.512000
67599680730feda775a8f649,TTI-01,28.0,37.1,17.0,1.0,2024-12-11 13:41:20.559000
6759967282748d7d677d4c13,TTI-01,28.0,35.9,16.0,1.0,2024-12-11 13:41:06.050000
67599663118198e6df8b25e7,TTI-01,28.0,37.2,17.0,1.0,2024-12-11 13:40:51.513000
67599655761b3ef49407f5c9,TTI-01,28.0,36.7,17.0,1.0,2024-12-11 13:40:37.303000
675996479c904f809cf9b458,TTI-01,28.0,37.5,17.0,1.0,2024-12-11 13:40:23.168000
67599637730feda775a8f647,TTI-01,28.0,37.8,16.0,1.0,2024-12-11 13:40:07.609000
67599629118198e6df8b25e5,TTI-01,28.0,36.8,16.0,1.0,2024-12-11 13:39:53.224000
67599618730feda775a8f645,TTI-01,28.0,37.0,16.0,1.0,2024-12-11 13:39:36.078000
675996093c53fa9d2c035c23,TTI-01,28.0,36.1,17.0,1.0,2024-12-11 13:39:21.069000
675995fa08a89b728f9e77aa,TTI-01,28.0,36.8,16.0,1.0,2024-12-11 13:39:06.746000
675995eb3c53fa9d2c035c21,TTI-01,28.0,37.5,17.0,1.0,2024-12-11 13:38:51.799000
675995dd82748d7d677d4c11,TTI-01,28.0,37.5,17.0,1.0,2024-12-11 13:38:37.333000
675995cf118198e6df8b25e3,TTI-01,28.0,36.9,17.0,1.0,2024-12-11 13:38:23.032000
675995c082748d7d677d4c0f,TTI-01,27.9,37.1,17.0,1.0,2024-12-11 13:38:08.506000
675995b108a89b728f9e77a8,TTI-01,28.0,37.8,17.0,1.0,2024-12-11 13:37:53.617000
675995a3761b3ef49407f5c7,TTI-01,28.0,37.1,16.0,1.0,2024-12-11 13:37:39.076000
67599594118198e6df8b25e1,TTI-01,28.0,37.5,16.0,1.0,2024-12-11 13:37:24.256000
6759958417fd9450604a7014,TTI-01,28.0,36.2,17.0,1.0,2024-12-11 13:37:08.897000
67599576a073a5e10bd3f4fc,TTI-01,27.9,36.0,17.0,1.0,2024-12-11 13:36:54.078000
67599566f6a9d43f1e56e4bd,TTI-01,27.9,36.8,17.0,1.0,2024-12-11 13:36:38.785000
6759951715b7c8e3d3df5ad1,TTI-01,27.9,37.1,18.0,1.0,2024-12-11 13:35:19.206000
6759950805150072bf709cec,TTI-01,27.9,38.0,18.0,1.0,2024-12-11 13:35:04.004000
675994f9363aca781da6bb18,TTI-01,27.9,36.9,18.0,1.0,2024-12-11 13:34:49.750000
675994eab03ebd74c1db3f20,TTI-01,27.9,38.5,18.0,1.0,2024-12-11 13:34:34.938000
675994dc05150072bf709cea,TTI-01,27.9,39.1,18.0,1.0,2024-12-11 13:34:20.256000
675994cde03193061c0e654a,TTI-01,27.9,38.5,18.0,1.0,2024-12-11 13:34:05.809000
675994bf8ad63d884062b5d7,TTI-01,27.9,37.3,18.0,1.0,2024-12-11 13:33:51.194000
675994b1b03ebd74c1db3f1e,TTI-01,27.8,37.2,18.0,1.0,2024-12-11 13:33:37.110000
675994a205150072bf709ce8,TTI-01,27.8,37.0,18.0,1.0,2024-12-11 13:33:22.635000
675994938ad63d884062b5d5,TTI-01,27.9,37.0,18.0,1.0,2024-12-11 13:33:07.562000
67599485b03ebd74c1db3f1c,TTI-01,27.8,37.0,18.0,1.0,2024-12-11 13:32:53.040000
675994768ad63d884062b5d3,TTI-01,27.8,37.3,18.0,1.0,2024-12-11 13:32:38.345000
675994678ad63d884062b5d1,TTI-01,27.9,36.7,18.0,1.0,2024-12-11 13:32:23.920000
675994598ad63d884062b5cf,TTI-01,27.9,37.1,18.0,1.0,2024-12-11 13:32:09.907000
6759944b363aca781da6bb16,TTI-01,27.9,37.1,18.0,1.0,2024-12-11 13:31:55.388000
6759943cda3c67b1ec67e9c7,TTI-01,27.9,36.4,18.0,1.0,2024-12-11 13:31:40.490000
6759942ee03193061c0e6548,TTI-01,27.8,36.6,18.0,1.0,2024-12-11 13:31:26.095000
6759941d8ad63d884062b5cd,TTI-01,27.8,37.2,18.0,1.0,2024-12-11 13:31:09.562000
6759940dad5edb1a6e49287d,TTI-01,27.9,37.3,18.0,1.0,2024-12-11 13:30:53.737000
675993fcad5edb1a6e49287b,TTI-01,27.9,38.0,19.0,1.0,2024-12-11 13:30:36.635000
675993eead5edb1a6e492879,TTI-01,27.9,37.4,18.0,1.0,2024-12-11 13:30:22.359000
675993e0ad5edb1a6e492877,TTI-01,27.9,37.6,18.0,1.0,2024-12-11 13:30:08.293000
675993d1da3c67b1ec67e9c5,TTI-01,27.9,37.6,19.0,1.0,2024-12-11 13:29:53.849000
675993c25b3fb0b62a2bc20d,TTI-01,27.9,37.6,19.0,1.0,2024-12-11 13:29:38.917000
675993b4edff858895ea6efd,TTI-01,27.9,37.1,19.0,1.0,2024-12-11 13:29:24.082000
675993a5dda9422cc69dc76d,TTI-01,27.9,37.2,19.0,1.0,2024-12-11 13:29:09.357000
6759930ab554b76a697b36fa,TTI-01,27.8,37.5,20.0,1.0,2024-12-11 13:26:34.653000
675992fc50630ba9c863d811,TTI-01,27.8,37.2,21.0,1.0,2024-12-11 13:26:20.124000
675992edb554b76a697b36f8,TTI-01,27.8,37.5,21.0,1.0,2024-12-11 13:26:05.433000
675992de50630ba9c863d80f,TTI-01,27.8,37.6,21.0,1.0,2024-12-11 13:25:50.907000
675992d050630ba9c863d80d,TTI-01,27.8,38.2,21.0,1.0,2024-12-11 13:25:36.415000
675992c250630ba9c863d80b,TTI-01,27.7,38.3,22.0,1.0,2024-12-11 13:25:22.159000
675992b4aa27a9a6a192c4a2,TTI-01,27.7,38.2,22.0,1.0,2024-12-11 13:25:08.315000
675992a6aa27a9a6a192c4a0,TTI-01,27.7,38.7,22.0,1.0,2024-12-11 13:24:54.135000
67599297359f5e70176be9e7,TTI-01,27.6,38.7,22.0,1.0,2024-12-11 13:24:39.928000
67599289aa27a9a6a192c49e,TTI-01,27.6,38.8,22.0,1.0,2024-12-11 13:24:25.238000
6759927950630ba9c863d809,TTI-01,27.6,39.7,22.0,1.0,2024-12-11 13:24:09.854000
6759926b359f5e70176be9e5,TTI-01,27.6,40.1,23.0,1.0,2024-12-11 13:23:55.641000
6759925c359f5e70176be9e3,TTI-01,27.6,39.3,23.0,1.0,2024-12-11 13:23:40.981000
67599248aa27a9a6a192c49c,TTI-01,27.5,40.1,23.0,1.0,2024-12-11 13:23:20.865000
6759923a359f5e70176be9e1,TTI-01,27.5,40.5,24.0,1.0,2024-12-11 13:23:06.786000
6759922c706523f932ccccf6,TTI-01,27.5,40.6,24.0,1.0,2024-12-11 13:22:52.003000
6759921daa27a9a6a192c49a,TTI-01,27.5,40.3,25.0,1.0,2024-12-11 13:22:37.840000
6759920e50630ba9c863d807,TTI-01,27.4,39.7,25.0,1.0,2024-12-11 13:22:22.645000
675991ff79916b2dc9a4f9f3,TTI-01,27.4,41.0,25.0,1.0,2024-12-11 13:22:07.322000
675991f0bfe12dead09a5401,TTI-01,27.4,41.1,25.0,1.0,2024-12-11 13:21:52.177000
675991e2bfe12dead09a53ff,TTI-01,27.4,41.1,26.0,1.0,2024-12-11 13:21:38.026000
675991d35802c7bfec3255cf,TTI-01,27.3,40.8,27.0,1.0,2024-12-11 13:21:23.733000
675991c5bfe12dead09a53fd,TTI-01,27.3,40.8,27.0,1.0,2024-12-11 13:21:09.287000
675991b5706523f932ccccf4,TTI-01,27.3,40.9,28.0,1.0,2024-12-11 13:20:53.542000
675991a69d39469fc3cc1769,TTI-01,27.2,40.9,29.0,1.0,2024-12-11 13:20:38.745000
67587ba40807d37565fd0767,TTI-01,33.7,34.0,20.0,1.0,2024-12-10 17:34:28.240000
67587b960807d37565fd0765,TTI-01,34.3,32.0,20.0,1.0,2024-12-10 17:34:14.242000
67587b880807d37565fd0763,TTI-01,34.9,29.1,19.0,1.0,2024-12-10 17:34:00.257000
67587b7a0807d37565fd0761,TTI-01,35.5,26.7,20.0,1.0,2024-12-10 17:33:46.542000
67587b6c0807d37565fd075f,TTI-01,36.3,23.9,20.0,1.0,2024-12-10 17:33:32.873000
67587b5e0807d37565fd075d,TTI-01,37.1,20.0,20.0,1.0,2024-12-10 17:33:18.860000
67587b510807d37565fd075b,TTI-01,38.1,20.0,20.0,1.0,2024-12-10 17:33:05.045000
67587b430807d37565fd0758,TTI-01,39.3,20.0,20.0,1.0,2024-12-10 17:32:51.249000
67587b350807d37565fd0756,TTI-01,40.6,20.0,20.0,1.0,2024-12-10 17:32:37.484000
67587b270807d37565fd0754,TTI-01,42.2,20.0,20.0,1.0,2024-12-10 17:32:23.655000
67587b190807d37565fd0752,TTI-01,43.9,20.0,20.0,1.0,2024-12-10 17:32:09.802000
67587b0b0807d37565fd0750,TTI-01,45.6,20.0,20.0,1.0,2024-12-10 17:31:55.991000
67587afe0807d37565fd074e,TTI-01,47.1,20.0,20.0,1.0,2024-12-10 17:31:42.240000
67587af00807d37565fd074c,TTI-01,47.6,23.5,20.0,1.0,2024-12-10 17:31:28.436000
67587ae20807d37565fd074a,TTI-01,44.3,35.4,20.0,1.0,2024-12-10 17:31:14.620000
67587ad40807d37565fd0748,TTI-01,33.1,97.3,20.0,1.0,2024-12-10 17:31:00.849000
67587ac7a62ed9827e07a25d,TTI-01,27.6,62.0,20.0,1.0,2024-12-10 17:30:47.083000
67587ab9a62ed9827e07a259,TTI-01,27.6,57.9,20.0,1.0,2024-12-10 17:30:33.286000
67587aab0807d37565fd0744,TTI-01,27.6,57.8,20.0,1.0,2024-12-10 17:30:19.449000
67587a9d0807d37565fd0742,TTI-01,27.6,57.9,20.0,1.0,2024-12-10 17:30:05.675000
67587a8f0807d37565fd073f,TTI-01,27.6,57.9,20.0,1.0,2024-12-10 17:29:51.882000
67587a820807d37565fd073c,TTI-01,27.6,57.9,20.0,1.0,2024-12-10 17:29:38.070000
67587a740807d37565fd0739,TTI-01,27.5,57.9,20.0,1.0,2024-12-10 17:29:24.331000
67587a660807d37565fd0737,TTI-01,27.5,57.8,20.0,1.0,2024-12-10 17:29:10.558000
67587a587377eac86555f6f4,TTI-01,27.5,57.9,20.0,1.0,2024-12-10 17:28:56.754000
67587a4a7377eac86555f6f2,TTI-01,27.5,57.8,20.0,1.0,2024-12-10 17:28:42.964000
67587a3d7377eac86555f6f0,TTI-01,27.5,57.8,20.0,1.0,2024-12-10 17:28:29.145000
67587a2f7377eac86555f6ee,TTI-01,27.5,57.8,20.0,1.0,2024-12-10 17:28:15.302000
67587a217377eac86555f6ec,TTI-01,27.5,57.8,20.0,1.0,2024-12-10 17:28:01.505000
67587a130807d37565fd0735,TTI-01,27.5,57.7,20.0,1.0,2024-12-10 17:27:47.750000
67587a06a62ed9827e07a257,TTI-01,27.5,57.6,20.0,1.0,2024-12-10 17:27:34.081000
675879f7885f273929040bae,TTI-01,27.5,57.6,20.0,1.0,2024-12-10 17:27:19.847000
675879ea885f273929040bab,TTI-01,27.5,57.6,20.0,1.0,2024-12-10 17:27:06.094000
675879dc885f273929040ba9,TTI-01,27.5,57.8,20.0,1.0,2024-12-10 17:26:52.336000
675879ce885f273929040ba7,TTI-01,27.5,57.6,20.0,1.0,2024-12-10 17:26:38.550000
675879c0885f273929040ba5,TTI-01,27.5,57.6,20.0,1.0,2024-12-10 17:26:24.734000
675879b2885f273929040ba3,TTI-01,27.5,57.7,20.0,1.0,2024-12-10 17:26:10.919000
675879a5885f273929040ba1,TTI-01,27.5,57.8,20.0,1.0,2024-12-10 17:25:57.102000
67587997885f273929040b9f,TTI-01,27.5,57.7,20.0,1.0,2024-12-10 17:25:43.104000
67587989885f273929040b9c,TTI-01,27.5,57.7,21.0,1.0,2024-12-10 17:25:29.201000
6758797b885f273929040b9a,TTI-01,27.5,57.6,21.0,1.0,2024-12-10 17:25:15.206000
6758796d544a1db2fec7e1ba,TTI-01,27.5,57.7,21.0,1.0,2024-12-10 17:25:01.079000
6758795f544a1db2fec7e1b8,TTI-01,27.5,57.8,21.0,1.0,2024-12-10 17:24:47.042000
67587951544a1db2fec7e1b6,TTI-01,27.5,57.9,21.0,1.0,2024-12-10 17:24:33.099000
67587943544a1db2fec7e1b3,TTI-01,27.4,57.9,21.0,1.0,2024-12-10 17:24:19.187000
67587934885f273929040b97,TTI-01,27.4,57.8,21.0,1.0,2024-12-10 17:24:04.797000
675879241d8a559aee67e9c3,TTI-01,27.4,57.9,21.0,1.0,2024-12-10 17:23:48.228000
675879161d8a559aee67e9c1,TTI-01,27.4,57.9,21.0,1.0,2024-12-10 17:23:34.345000
675879081d8a559aee67e9bf,TTI-01,27.4,58.0,21.0,1.0,2024-12-10 17:23:20.527000
675878fa2d8b2e2ca7da30e8,TTI-01,27.4,58.1,21.0,1.0,2024-12-10 17:23:06.745000
675878ec1d8a559aee67e9bc,TTI-01,27.4,58.0,21.0,1.0,2024-12-10 17:22:52.945000
675878df1d8a559aee67e9ba,TTI-01,27.4,58.0,21.0,1.0,2024-12-10 17:22:39.124000
675878d11d8a559aee67e9b8,TTI-01,27.3,58.0,21.0,1.0,2024-12-10 17:22:25.270000
675878c31d8a559aee67e9b5,TTI-01,27.3,58.0,22.0,1.0,2024-12-10 17:22:11.492000
675878b51d8a559aee67e9b3,TTI-01,27.3,58.0,22.0,1.0,2024-12-10 17:21:57.169000
675878a71d8a559aee67e9b0,TTI-01,27.3,57.9,22.0,1.0,2024-12-10 17:21:43.370000
675878991d8a559aee67e9ac,TTI-01,27.3,57.9,22.0,1.0,2024-12-10 17:21:29.336000
6758788b1d8a559aee67e9aa,TTI-01,27.3,57.7,22.0,1.0,2024-12-10 17:21:15.445000
6758787d1d8a559aee67e9a8,TTI-01,27.3,57.7,22.0,1.0,2024-12-10 17:21:01.489000
6758786e1d8a559aee67e9a6,TTI-01,27.3,57.8,22.0,1.0,2024-12-10 17:20:46.689000
675878601d8a559aee67e9a4,TTI-01,27.3,57.9,22.0,1.0,2024-12-10 17:20:32.866000
675878521d8a559aee67e9a2,TTI-01,27.2,58.0,22.0,1.0,2024-12-10 17:20:18.594000
675878441d8a559aee67e9a0,TTI-01,27.2,58.1,22.0,1.0,2024-12-10 17:20:04.151000
675878351d8a559aee67e99e,TTI-01,27.2,58.1,23.0,1.0,2024-12-10 17:19:49.922000
675878281d8a559aee67e99b,TTI-01,27.2,58.1,23.0,1.0,2024-12-10 17:19:36.021000
675878191d8a559aee67e999,TTI-01,27.2,57.9,24.0,1.0,2024-12-10 17:19:21.801000
6758780b1d8a559aee67e997,TTI-01,27.1,57.8,24.0,1.0,2024-12-10 17:19:07.885000
675877fd1d8a559aee67e995,TTI-01,27.1,57.5,24.0,1.0,2024-12-10 17:18:53.942000
675877f01d8a559aee67e993,TTI-01,27.1,57.2,25.0,1.0,2024-12-10 17:18:40.159000
675877e21d8a559aee67e991,TTI-01,27.1,57.1,25.0,1.0,2024-12-10 17:18:26.062000
675877d41d8a559aee67e98f,TTI-01,27.0,54.4,23.0,1.0,2024-12-10 17:18:12.078000
675877b91d8a559aee67e98d,TTI-01,27.0,57.0,26.0,1.0,2024-12-10 17:17:45.371000
675877ab1d8a559aee67e98b,TTI-01,27.0,57.1,27.0,1.0,2024-12-10 17:17:31.346000
6758779d1d8a559aee67e989,TTI-01,27.0,57.6,27.0,1.0,2024-12-10 17:17:17.103000
6758778f1d8a559aee67e987,TTI-01,26.9,55.1,14.0,1.0,2024-12-10 17:17:03.296000
